Date,Open,High,Low,Close,Volume
2021-08-10,56.95,57.11,56.95,57.09,10000
2021-08-11,56.91,57.69,56.68,57.16,10000
2021-08-12,58.17,58.68,58.26,58.29,10000
2021-08-13,56.94,57.47,56.87,57.02,10000
2021-08-16,58.08,58.72,58.29,58.36,10000
2021-08-17,58.98,59.58,58.78,59.05,10000
2021-08-18,60.7,61.25,60.32,60.71,10000
2021-08-19,61.83,62.13,61.77,62.1,10000
2021-08-20,61.7,62.11,61.49,62.0,10000
2021-08-23,61.57,62.03,61.43,61.78,10000
2021-08-24,64.24,64.59,64.22,64.37,10000
2021-08-25,63.79,64.3,63.62,63.97,10000
2021-08-26,64.82,65.27,64.61,65.09,10000
2021-08-27,64.26,65.06,64.22,64.55,10000
2021-08-30,61.84,61.88,61.6,61.88,10000
2021-08-31,59.92,60.66,59.86,60.18,10000
2021-09-01,60.58,61.0,60.43,60.76,10000
2021-09-02,61.75,61.77,61.57,61.76,10000
2021-09-03,62.33,62.89,61.83,62.36,10000
2021-09-06,64.03,64.33,63.91,64.04,10000
2021-09-07,64.33,65.1,64.61,64.64,10000
2021-09-08,63.39,64.08,63.05,63.52,10000
2021-09-09,64.18,64.43,63.87,64.41,10000
2021-09-10,64.68,64.85,64.26,64.68,10000
2021-09-13,63.6,63.93,63.56,63.85,10000
2021-09-14,64.41,64.63,63.94,64.57,10000
2021-09-15,64.41,65.32,64.47,64.71,10000
2021-09-16,63.67,64.35,63.58,63.84,10000
2021-09-17,63.35,63.83,63.22,63.6,10000
2021-09-20,65.5,66.16,65.43,65.71,10000
2021-09-21,67.66,68.46,67.46,67.84,10000
2021-09-22,67.83,68.3,67.49,68.15,10000
2021-09-23,68.09,68.27,68.1,68.26,10000
2021-09-24,65.79,66.63,65.98,66.08,10000
2021-09-27,68.74,69.25,68.46,68.75,10000
2021-09-28,70.19,70.54,70.07,70.42,10000
2021-09-29,71.34,72.02,71.16,71.67,10000
2021-09-30,67.75,68.17,67.41,68.06,10000
2021-10-01,67.98,68.55,67.67,68.14,10000
2021-10-04,67.81,68.41,67.29,67.97,10000
2021-10-05,68.78,69.25,68.89,69.06,10000
2021-10-06,68.26,68.9,68.23,68.37,10000
2021-10-07,67.71,68.35,67.82,68.03,10000
2021-10-08,68.94,69.51,68.48,69.02,10000
2021-10-11,67.81,68.27,67.71,67.83,10000
2021-10-12,66.71,67.27,66.84,66.97,10000
2021-10-13,67.15,67.48,67.01,67.29,10000
2021-10-14,69.28,69.54,69.18,69.4,10000
2021-10-15,70.6,71.24,70.26,70.72,10000
2021-10-18,72.14,72.97,71.86,72.5,10000
2021-10-19,72.42,72.83,72.53,72.63,10000
2021-10-20,74.8,75.9,74.77,75.18,10000
2021-10-21,72.14,72.85,72.2,72.27,10000
2021-10-22,75.55,75.81,75.54,75.71,10000
2021-10-25,79.47,79.68,79.31,79.55,10000
2021-10-26,80.24,80.85,79.95,80.41,10000
2021-10-27,81.96,82.07,81.53,81.98,10000
2021-10-28,81.94,82.73,81.41,81.94,10000
2021-10-29,81.39,82.09,80.9,81.57,10000
2021-11-01,80.17,80.52,80.31,80.47,10000
2021-11-02,80.22,80.76,79.8,80.4,10000
2021-11-03,81.24,81.64,80.91,81.45,10000
2021-11-04,82.08,82.67,82.2,82.27,10000
2021-11-05,85.89,86.33,85.82,86.12,10000
2021-11-08,86.01,87.06,86.32,86.34,10000
2021-11-09,83.14,84.08,83.4,83.48,10000
2021-11-10,86.34,87.49,86.46,86.7,10000
2021-11-11,84.25,84.51,84.14,84.34,10000
2021-11-12,83.11,83.62,82.55,83.3,10000
2021-11-15,83.49,84.52,83.09,83.84,10000
2021-11-16,84.27,84.99,84.18,84.67,10000
2021-11-17,81.72,82.26,81.34,81.95,10000
2021-11-18,80.39,81.38,79.78,80.58,10000
2021-11-19,77.63,78.53,77.61,77.93,10000
2021-11-22,78.67,79.75,78.65,79.07,10000
2021-11-23,81.09,81.59,80.73,81.26,10000
2021-11-24,78.98,79.51,78.32,79.05,10000
2021-11-25,80.55,81.26,80.25,80.89,10000
2021-11-26,82.36,83.03,82.61,82.66,10000
2021-11-29,81.39,81.55,80.87,81.45,10000
2021-11-30,77.74,78.52,77.67,77.86,10000
2021-12-01,75.79,76.3,75.81,76.0,10000
2021-12-02,74.72,75.44,74.59,75.0,10000
2021-12-03,77.41,78.38,77.17,77.71,10000
2021-12-06,77.47,78.13,77.4,77.53,10000
2021-12-07,75.71,75.94,75.55,75.79,10000
2021-12-08,75.79,76.54,75.52,76.07,10000
2021-12-09,73.83,74.24,73.76,73.87,10000
2021-12-10,74.58,74.96,74.13,74.77,10000
2021-12-13,72.94,73.17,72.81,73.14,10000
2021-12-14,71.66,72.24,71.36,71.78,10000
2021-12-15,72.14,72.99,72.37,72.42,10000
2021-12-16,75.38,76.12,74.69,75.41,10000
2021-12-17,79.01,79.6,78.6,79.32,10000
2021-12-20,77.23,77.79,77.33,77.48,10000
2021-12-21,76.26,76.58,75.94,76.45,10000
2021-12-22,77.04,78.14,76.77,77.38,10000
2021-12-23,79.42,80.18,79.41,79.5,10000
2021-12-24,75.39,76.41,75.25,75.69,10000
2021-12-27,75.79,76.24,75.22,75.86,10000
2021-12-28,74.68,75.2,74.67,75.05,10000
2021-12-29,71.83,72.25,71.18,71.84,10000
2021-12-30,69.51,69.96,69.67,69.7,10000
2021-12-31,68.76,69.06,68.19,68.82,10000
2022-01-03,68.8,68.99,68.26,68.94,10000
2022-01-04,70.51,70.62,70.46,70.57,10000
2022-01-05,71.09,71.43,70.85,71.16,10000
2022-01-06,72.72,73.42,72.29,72.74,10000
2022-01-07,72.81,73.34,72.16,72.81,10000
2022-01-10,71.41,72.21,71.55,71.67,10000
2022-01-11,71.23,71.56,71.15,71.39,10000
2022-01-12,72.54,73.09,71.98,72.56,10000
2022-01-13,73.97,74.62,74.01,74.31,10000
2022-01-14,73.84,74.13,73.64,74.09,10000
2022-01-17,72.46,72.84,72.15,72.55,10000
2022-01-18,72.97,73.23,72.42,73.13,10000
2022-01-19,73.78,74.59,73.86,73.96,10000
2022-01-20,75.88,76.74,75.38,76.1,10000
2022-01-21,74.63,75.17,74.53,74.95,10000
2022-01-24,73.62,74.29,73.17,73.84,10000
2022-01-25,74.78,75.42,75.06,75.15,10000
2022-01-26,74.21,74.59,74.0,74.48,10000
2022-01-27,73.37,74.22,73.12,73.74,10000
2022-01-28,75.7,76.48,75.31,75.91,10000
2022-01-31,73.34,74.16,73.58,73.59,10000
2022-02-01,76.87,77.27,76.8,77.15,10000
2022-02-02,75.82,76.49,76.02,76.1,10000
2022-02-03,77.64,77.67,77.53,77.65,10000
2022-02-04,77.43,77.55,76.94,77.48,10000
2022-02-07,77.9,78.05,77.24,77.99,10000
2022-02-08,77.44,77.59,77.06,77.55,10000
2022-02-09,78.75,79.37,79.02,79.11,10000
2022-02-10,78.22,78.79,78.31,78.5,10000
2022-02-11,77.45,78.05,77.21,77.51,10000
2022-02-14,80.64,81.08,80.71,80.81,10000
2022-02-15,80.8,81.01,80.21,80.89,10000
2022-02-16,79.35,80.43,79.52,79.68,10000
2022-02-17,76.68,77.71,76.93,77.03,10000
2022-02-18,80.35,80.52,79.83,80.42,10000
2022-02-21,79.27,79.72,79.33,79.43,10000
2022-02-22,82.9,83.43,82.95,83.29,10000
2022-02-23,83.81,84.89,83.65,84.08,10000
2022-02-24,84.02,84.68,84.32,84.38,10000
2022-02-25,84.59,84.82,84.27,84.74,10000
2022-02-28,89.08,89.82,88.74,89.17,10000
2022-03-01,84.54,85.44,84.27,84.84,10000
2022-03-02,85.22,85.49,85.09,85.28,10000
2022-03-03,84.44,85.07,84.49,84.79,10000
2022-03-04,84.09,84.76,83.85,84.41,10000
2022-03-07,84.59,84.95,84.69,84.72,10000
2022-03-08,84.02,84.48,84.14,84.23,10000
2022-03-09,84.29,85.3,84.38,84.62,10000
2022-03-10,84.21,85.24,84.52,84.61,10000
2022-03-11,81.98,82.7,82.1,82.13,10000
2022-03-14,82.55,83.44,82.06,82.87,10000
2022-03-15,84.19,84.71,83.88,84.27,10000
2022-03-16,82.88,83.55,82.81,83.26,10000
2022-03-17,86.62,87.54,86.69,86.92,10000
2022-03-18,89.57,89.74,89.63,89.64,10000
2022-03-21,91.08,91.54,90.73,91.41,10000
2022-03-22,92.86,93.32,92.52,93.2,10000
2022-03-23,92.95,93.98,92.38,93.29,10000
2022-03-24,95.62,96.36,95.77,95.79,10000
2022-03-25,98.96,99.77,99.19,99.32,10000
2022-03-28,100.79,101.69,100.49,101.21,10000
2022-03-29,99.75,100.75,99.6,99.93,10000
2022-03-30,99.76,99.99,99.8,99.87,10000
2022-03-31,100.77,101.61,100.91,101.22,10000
2022-04-01,102.89,103.99,103.12,103.21,10000
2022-04-04,102.82,103.74,102.19,103.06,10000
2022-04-05,101.31,102.21,100.87,101.76,10000
2022-04-06,105.48,105.79,104.88,105.55,10000
2022-04-07,102.61,104.0,102.63,103.03,10000
2022-04-08,100.62,101.27,100.09,100.86,10000
2022-04-11,97.86,98.74,97.26,97.88,10000
2022-04-12,95.35,96.57,95.06,95.82,10000
2022-04-13,98.24,99.47,98.12,98.62,10000
2022-04-14,101.48,101.6,100.61,101.59,10000
2022-04-15,100.98,101.93,101.15,101.45,10000
2022-04-18,102.16,102.9,102.02,102.64,10000
2022-04-19,102.23,102.93,101.81,102.64,10000
2022-04-20,99.85,100.19,99.02,99.92,10000
2022-04-21,105.05,105.56,104.15,105.15,10000
2022-04-22,108.13,108.98,108.11,108.54,10000
2022-04-25,108.96,110.15,108.69,109.46,10000
2022-04-26,107.25,107.69,107.06,107.37,10000
2022-04-27,106.6,107.14,106.16,106.85,10000
2022-04-28,105.12,105.59,105.01,105.21,10000
2022-04-29,105.22,106.2,105.03,105.47,10000
2022-05-02,105.92,106.26,105.28,106.26,10000
2022-05-03,105.46,106.25,104.61,105.47,10000
2022-05-04,101.72,102.39,101.54,102.05,10000
2022-05-05,106.84,107.8,107.02,107.18,10000
2022-05-06,107.55,108.62,107.37,107.8,10000
2022-05-09,108.47,109.52,108.81,108.96,10000
2022-05-10,107.88,108.65,107.87,107.95,10000
2022-05-11,104.17,105.15,103.25,104.19,10000
2022-05-12,103.77,104.06,103.52,104.03,10000
2022-05-13,103.02,103.66,103.2,103.3,10000
2022-05-16,104.88,105.99,104.27,105.02,10000
2022-05-17,106.73,108.15,107.17,107.25,10000
2022-05-18,109.04,109.85,108.74,109.18,10000
2022-05-19,111.56,111.96,111.45,111.71,10000
2022-05-20,115.97,116.83,116.25,116.45,10000
2022-05-23,116.98,118.53,116.9,117.53,10000
2022-05-24,120.23,121.4,119.69,120.55,10000
2022-05-25,121.95,122.31,121.37,121.96,10000
2022-05-26,116.61,116.97,115.85,116.81,10000
2022-05-27,116.31,117.35,115.37,116.44,10000
2022-05-30,113.9,114.84,113.27,114.19,10000
2022-05-31,114.44,115.94,113.73,114.83,10000
2022-06-01,112.58,113.26,111.76,112.81,10000
2022-06-02,114.11,114.81,113.46,114.42,10000
2022-06-03,116.6,117.39,116.7,117.05,10000
2022-06-06,120.2,120.93,120.14,120.35,10000
2022-06-07,124.81,125.33,124.02,124.93,10000
2022-06-08,119.79,120.36,119.25,120.27,10000
2022-06-09,117.03,117.42,116.09,117.05,10000
2022-06-10,125.1,125.47,124.39,125.2,10000
2022-06-13,128.15,129.21,127.1,128.16,10000
2022-06-14,128.5,129.17,127.95,128.86,10000
2022-06-15,128.61,129.59,128.14,129.0,10000
2022-06-16,128.53,129.74,128.81,128.87,10000
2022-06-17,123.08,123.52,122.77,123.33,10000
2022-06-20,120.89,121.86,121.17,121.21,10000
2022-06-21,120.83,121.97,120.83,120.94,10000
2022-06-22,118.52,119.71,118.37,119.02,10000
2022-06-23,116.9,118.04,117.42,117.47,10000
2022-06-24,124.25,125.63,123.45,124.59,10000
2022-06-27,123.68,125.09,123.35,123.91,10000
2022-06-28,124.25,125.77,123.87,124.74,10000
2022-06-29,125.35,125.99,125.29,125.48,10000
2022-06-30,127.01,128.0,126.14,127.22,10000
2022-07-01,125.28,126.54,125.27,125.88,10000
2022-07-04,129.44,129.95,128.83,129.56,10000
2022-07-05,130.85,131.49,130.07,130.92,10000
2022-07-06,126.82,128.22,126.48,127.16,10000
2022-07-07,126.52,127.27,126.18,126.89,10000
2022-07-08,126.05,127.56,125.49,126.43,10000
2022-07-11,125.74,127.09,124.83,125.84,10000
2022-07-12,126.9,127.75,126.97,127.36,10000
2022-07-13,129.1,129.42,128.07,129.26,10000
2022-07-14,130.22,132.09,130.37,130.84,10000
2022-07-15,131.74,132.12,131.54,131.89,10000
2022-07-18,132.18,133.21,131.78,132.19,10000
2022-07-19,125.53,125.94,125.44,125.89,10000
2022-07-20,128.06,128.49,127.78,128.19,10000
2022-07-21,129.26,130.01,128.57,129.67,10000
2022-07-22,126.68,127.2,126.11,126.82,10000
2022-07-25,127.4,128.85,126.44,127.68,10000
2022-07-26,129.51,129.85,129.52,129.62,10000
2022-07-27,132.9,133.42,132.37,133.18,10000
2022-07-28,134.7,135.72,134.66,134.79,10000
2022-07-29,135.6,137.12,135.2,135.83,10000
2022-08-01,138.7,139.38,138.31,138.84,10000
2022-08-02,137.35,138.98,136.98,137.92,10000
2022-08-03,138.76,139.31,138.23,139.27,10000
2022-08-04,137.23,138.48,137.02,137.35,10000
2022-08-05,140.86,141.94,140.65,140.92,10000
2022-08-08,135.85,137.09,135.3,135.87,10000
2022-08-09,138.32,139.36,138.14,138.48,10000
2022-08-10,138.24,139.88,137.64,138.58,10000
2022-08-11,141.43,142.27,140.98,141.71,10000
2022-08-12,138.57,140.27,138.1,139.25,10000
2022-08-15,139.03,140.59,138.21,139.58,10000
2022-08-16,139.76,140.19,139.29,139.82,10000
2022-08-17,141.14,142.56,139.97,141.26,10000
2022-08-18,137.94,139.03,136.88,137.96,10000
2022-08-19,139.93,141.24,139.81,140.02,10000
2022-08-22,133.92,134.76,133.16,134.28,10000
2022-08-23,132.23,133.4,131.65,132.28,10000
2022-08-24,127.64,128.08,126.78,127.68,10000
2022-08-25,130.09,131.42,129.25,130.16,10000
2022-08-26,130.96,131.43,130.24,131.4,10000
2022-08-29,132.81,133.64,131.81,132.82,10000
2022-08-30,136.75,137.57,136.28,137.41,10000
2022-08-31,136.21,137.45,136.03,136.47,10000
2022-09-01,138.19,138.93,137.08,138.43,10000
2022-09-02,138.35,139.89,137.76,138.68,10000
2022-09-05,138.09,139.66,137.38,138.45,10000
2022-09-06,142.39,143.22,141.47,142.69,10000
2022-09-07,149.33,150.91,149.51,149.7,10000
2022-09-08,148.02,149.28,147.77,148.27,10000
2022-09-09,150.93,151.82,149.91,151.17,10000
2022-09-12,152.31,152.85,150.92,152.33,10000
2022-09-13,153.02,153.86,152.37,153.53,10000
2022-09-14,153.98,154.55,153.71,154.45,10000
2022-09-15,152.82,154.12,152.94,153.33,10000
2022-09-16,140.64,142.07,140.57,141.31,10000
2022-09-19,146.05,147.05,145.82,146.4,10000
2022-09-20,143.5,145.51,142.86,144.14,10000
2022-09-21,143.07,143.41,142.58,143.39,10000
2022-09-22,142.37,143.93,142.15,142.71,10000
2022-09-23,139.78,141.35,139.52,140.22,10000
2022-09-26,140.89,142.11,139.72,141.04,10000
2022-09-27,140.79,141.68,140.08,140.94,10000
2022-09-28,138.34,138.96,138.38,138.69,10000
2022-09-29,139.16,140.41,138.52,139.21,10000
2022-09-30,138.99,140.19,138.5,139.15,10000
2022-10-03,141.62,143.36,141.74,142.18,10000
2022-10-04,137.61,138.26,136.92,137.93,10000
2022-10-05,135.44,136.21,135.09,135.46,10000
2022-10-06,137.72,138.34,137.09,137.77,10000
2022-10-07,135.18,136.68,135.21,135.81,10000
2022-10-10,132.44,134.08,132.45,133.07,10000
2022-10-11,130.91,131.56,130.59,131.33,10000
2022-10-12,130.95,131.3,130.17,131.07,10000
2022-10-13,130.58,130.88,130.63,130.82,10000
2022-10-14,130.03,130.44,129.86,130.23,10000
2022-10-17,126.75,127.55,126.26,127.25,10000
2022-10-18,129.21,129.65,128.38,129.56,10000
2022-10-19,133.07,134.06,133.53,133.59,10000
2022-10-20,127.69,128.78,127.82,127.92,10000
2022-10-21,122.96,124.47,122.34,123.49,10000
2022-10-24,126.13,126.83,126.21,126.4,10000
2022-10-25,130.78,131.17,129.77,131.06,10000
2022-10-26,124.56,125.82,123.84,124.87,10000
2022-10-27,126.88,127.76,127.11,127.26,10000
2022-10-28,131.57,132.49,132.02,132.16,10000
2022-10-31,129.32,130.23,128.35,129.62,10000
2022-11-01,133.8,135.73,134.08,134.43,10000
2022-11-02,133.66,134.42,133.2,133.92,10000
2022-11-03,134.71,136.23,134.61,134.93,10000
2022-11-04,132.58,133.11,131.98,132.77,10000
2022-11-07,135.88,136.03,134.75,135.89,10000
2022-11-08,137.96,138.77,137.64,138.55,10000
2022-11-09,144.11,145.28,144.1,144.17,10000
2022-11-10,148.79,149.84,148.16,149.04,10000
2022-11-11,148.87,149.93,148.07,149.06,10000
2022-11-14,159.49,161.64,159.77,160.09,10000
2022-11-15,164.39,165.99,163.9,165.16,10000
2022-11-16,166.58,167.46,166.22,167.27,10000
2022-11-17,163.29,164.72,163.53,163.55,10000
2022-11-18,157.62,158.3,156.47,157.98,10000
2022-11-21,152.7,153.78,152.21,152.89,10000
2022-11-22,149.02,150.99,149.36,149.71,10000
2022-11-23,154.45,155.28,154.41,154.55,10000
2022-11-24,155.58,156.82,155.74,156.33,10000
2022-11-25,153.57,155.08,153.72,154.2,10000
2022-11-28,153.22,153.96,153.31,153.77,10000
2022-11-29,152.32,153.38,151.7,152.91,10000
2022-11-30,155.52,156.57,154.78,155.78,10000
2022-12-01,152.51,153.12,152.53,152.73,10000
2022-12-02,153.71,154.07,152.92,154.01,10000
2022-12-05,154.97,156.02,153.99,155.12,10000
2022-12-06,151.61,152.79,151.4,152.18,10000
2022-12-07,157.48,158.48,156.29,157.86,10000
2022-12-08,156.15,158.41,156.4,156.84,10000
2022-12-09,152.7,153.54,153.28,153.37,10000
2022-12-12,156.32,156.68,156.4,156.44,10000
2022-12-13,156.51,158.06,156.18,156.69,10000
2022-12-14,157.88,158.41,157.42,158.21,10000
2022-12-15,153.94,155.44,153.91,154.03,10000
2022-12-16,156.42,158.02,156.08,156.96,10000
2022-12-19,164.4,165.88,163.52,165.01,10000
2022-12-20,159.78,160.81,159.09,160.36,10000
2022-12-21,161.34,162.3,160.63,161.72,10000
2022-12-22,158.22,160.2,157.84,158.89,10000
2022-12-23,168.51,169.12,167.79,169.02,10000
2022-12-26,173.07,175.27,173.07,173.93,10000
2022-12-27,174.4,176.56,174.41,175.11,10000
2022-12-28,169.71,171.52,169.8,170.32,10000
2022-12-29,166.47,166.67,166.41,166.58,10000
2022-12-30,168.79,170.75,168.54,169.5,10000
2023-01-02,164.1,165.54,163.57,164.35,10000
2023-01-03,159.14,159.49,159.28,159.47,10000
2023-01-04,159.19,160.98,159.13,159.56,10000
2023-01-05,159.83,160.3,158.83,160.09,10000
2023-01-06,161.45,163.09,161.13,161.54,10000
2023-01-09,159.82,160.09,159.29,159.98,10000
2023-01-10,162.77,163.82,163.16,163.43,10000
2023-01-11,159.77,161.4,160.02,160.29,10000
2023-01-12,161.89,162.88,161.42,162.65,10000
2023-01-13,162.83,163.81,163.39,163.5,10000
2023-01-16,165.48,165.84,165.34,165.82,10000
2023-01-17,169.74,171.82,168.74,170.41,10000
2023-01-18,168.21,168.76,167.9,168.7,10000
2023-01-19,165.98,167.27,165.21,166.22,10000
2023-01-20,159.2,160.91,158.95,159.98,10000
2023-01-23,152.1,153.59,152.51,152.81,10000
2023-01-24,152.16,152.81,151.68,152.24,10000
2023-01-25,151.28,152.37,151.31,151.92,10000
2023-01-26,148.18,149.66,147.9,148.24,10000
2023-01-27,144.69,146.5,145.02,145.36,10000
2023-01-30,150.09,151.95,149.65,150.56,10000
2023-01-31,153.53,154.78,153.49,153.65,10000
2023-02-01,148.72,150.57,149.14,149.33,10000
2023-02-02,147.49,149.3,147.03,147.88,10000
2023-02-03,149.26,149.98,148.63,149.3,10000
2023-02-06,146.64,148.56,146.32,147.22,10000
2023-02-07,144.0,144.64,144.53,144.57,10000
2023-02-08,143.16,143.66,142.49,143.5,10000
2023-02-09,146.64,147.9,145.92,147.17,10000
2023-02-10,151.22,151.94,150.46,151.25,10000
2023-02-13,148.54,149.43,147.53,148.78,10000
2023-02-14,149.89,151.21,149.8,150.4,10000
2023-02-15,150.25,151.23,150.3,150.42,10000
2023-02-16,146.71,148.32,146.49,147.04,10000
2023-02-17,145.41,146.6,145.44,146.09,10000
2023-02-20,141.39,142.42,140.75,141.97,10000
2023-02-21,145.44,146.87,145.36,145.85,10000
2023-02-22,150.73,152.14,150.69,151.16,10000
2023-02-23,149.13,151.04,148.47,149.8,10000
2023-02-24,147.0,148.09,147.27,147.64,10000
2023-02-27,151.22,151.3,150.32,151.29,10000
2023-02-28,155.24,157.07,155.1,155.6,10000
2023-03-01,151.59,151.8,150.29,151.74,10000
2023-03-02,151.21,152.3,150.98,151.27,10000
2023-03-03,150.89,151.6,150.02,151.12,10000
2023-03-06,148.07,149.15,147.71,148.52,10000
2023-03-07,149.29,151.14,148.42,149.89,10000
2023-03-08,146.88,148.17,146.09,147.55,10000
2023-03-09,145.48,146.0,144.63,145.79,10000
2023-03-10,145.19,146.59,145.34,145.5,10000
2023-03-13,140.56,140.7,140.01,140.67,10000
2023-03-14,134.12,134.62,133.1,134.25,10000
2023-03-15,137.07,137.88,136.27,137.14,10000
2023-03-16,134.22,135.47,133.7,134.88,10000
2023-03-17,141.58,142.55,140.54,141.67,10000
2023-03-20,147.69,148.82,147.79,148.25,10000
2023-03-21,146.36,147.17,146.31,146.59,10000
2023-03-22,154.28,155.23,154.2,154.7,10000
2023-03-23,157.41,159.5,157.0,158.1,10000
2023-03-24,155.1,155.86,155.08,155.83,10000
2023-03-27,146.77,148.32,146.88,146.94,10000
2023-03-28,148.64,149.86,148.21,149.32,10000
2023-03-29,149.29,150.02,149.41,149.47,10000
2023-03-30,150.4,152.1,150.39,151.0,10000
2023-03-31,150.25,150.85,149.57,150.26,10000
2023-04-03,146.04,147.33,145.69,146.43,10000
2023-04-04,144.53,146.36,144.85,145.05,10000
2023-04-05,146.84,148.71,146.36,147.46,10000
2023-04-06,145.7,147.07,145.08,146.32,10000
2023-04-07,144.95,146.2,144.15,145.16,10000
2023-04-10,139.65,140.8,138.92,140.25,10000
2023-04-11,140.36,141.68,140.23,140.59,10000
2023-04-12,136.94,137.34,136.88,137.1,10000
2023-04-13,140.05,140.12,139.96,140.06,10000
2023-04-14,137.61,138.51,136.77,137.77,10000
2023-04-17,136.8,137.18,136.66,136.88,10000
2023-04-18,143.38,144.92,142.52,143.87,10000
2023-04-19,142.81,143.06,142.06,142.91,10000
2023-04-20,141.11,141.53,140.38,141.52,10000
2023-04-21,143.38,144.44,142.85,143.48,10000
2023-04-24,137.3,138.47,136.77,137.78,10000
2023-04-25,141.62,143.17,141.19,141.82,10000
2023-04-26,144.9,145.49,144.35,145.13,10000
2023-04-27,146.45,147.11,145.79,146.92,10000
2023-04-28,135.41,136.08,135.73,136.05,10000
2023-05-01,134.62,135.89,134.09,135.29,10000
2023-05-02,131.21,131.58,130.51,131.45,10000
2023-05-03,134.27,135.96,133.91,134.91,10000
2023-05-04,137.82,138.34,137.91,138.24,10000
2023-05-05,138.89,140.8,139.39,139.52,10000
2023-05-08,135.76,136.51,135.68,135.78,10000
2023-05-09,140.52,141.52,139.63,140.54,10000
2023-05-10,139.69,139.93,139.53,139.74,10000
2023-05-11,145.09,145.81,144.22,145.68,10000
2023-05-12,146.51,147.13,145.2,146.61,10000
2023-05-15,148.23,149.14,148.32,148.36,10000
2023-05-16,146.43,147.7,145.79,146.86,10000
2023-05-17,150.98,152.21,151.31,151.71,10000
2023-05-18,153.44,154.3,153.36,153.88,10000
2023-05-19,158.51,160.65,158.71,159.09,10000
2023-05-22,159.64,160.22,158.46,159.79,10000
2023-05-23,158.94,159.89,158.24,159.67,10000
2023-05-24,161.86,162.49,161.84,161.9,10000
2023-05-25,167.15,167.89,166.93,167.39,10000
2023-05-26,170.99,172.1,170.61,171.38,10000
2023-05-29,171.78,173.05,171.08,171.97,10000
2023-05-30,164.33,165.87,164.73,164.88,10000
2023-05-31,167.44,169.18,166.62,168.01,10000
2023-06-01,162.45,162.88,161.11,162.63,10000
2023-06-02,162.8,162.88,162.15,162.81,10000
2023-06-05,162.37,163.71,161.04,162.43,10000
2023-06-06,157.3,157.64,156.23,157.3,10000
2023-06-07,157.97,159.19,157.75,158.69,10000
2023-06-08,166.24,167.52,165.39,166.76,10000
2023-06-09,165.51,166.81,164.84,165.62,10000
2023-06-12,168.52,168.88,167.68,168.6,10000
2023-06-13,177.26,179.59,177.5,177.99,10000
2023-06-14,180.85,182.17,180.29,181.59,10000
2023-06-15,178.16,180.75,178.7,178.99,10000
2023-06-16,179.87,180.53,179.58,180.02,10000
2023-06-19,181.59,183.38,181.19,182.06,10000
2023-06-20,188.07,188.9,187.46,188.19,10000
2023-06-21,192.78,195.17,193.08,193.55,10000
2023-06-22,181.35,182.57,181.38,181.73,10000
2023-06-23,177.64,179.81,176.73,178.26,10000
2023-06-26,178.0,179.37,176.98,178.03,10000
2023-06-27,173.32,175.02,173.34,174.0,10000
2023-06-28,159.75,160.34,158.58,159.94,10000
2023-06-29,156.69,157.76,156.06,157.35,10000
2023-06-30,157.24,158.95,157.22,157.39,10000
2023-07-03,154.95,157.0,154.68,155.56,10000
2023-07-04,152.0,152.31,151.64,152.1,10000
2023-07-05,151.79,152.61,151.47,152.29,10000
2023-07-06,152.94,153.71,152.44,153.54,10000
2023-07-07,151.66,152.26,151.94,151.95,10000
2023-07-10,156.65,157.3,156.04,156.84,10000
2023-07-11,156.83,158.42,156.64,157.1,10000
2023-07-12,153.82,154.2,153.23,154.05,10000
2023-07-13,149.71,151.51,150.02,150.19,10000
2023-07-14,149.47,150.96,148.28,149.5,10000
2023-07-17,153.38,153.84,152.57,153.41,10000
2023-07-18,150.38,151.28,150.27,150.59,10000
2023-07-19,152.49,153.51,151.53,152.71,10000
2023-07-20,152.95,153.4,153.03,153.08,10000
2023-07-21,159.7,161.45,159.32,160.27,10000
2023-07-24,161.74,162.7,160.95,161.76,10000
2023-07-25,158.51,159.43,159.19,159.25,10000
2023-07-26,161.39,163.45,161.6,162.0,10000
2023-07-27,164.6,165.43,164.81,164.93,10000
2023-07-28,162.79,163.75,162.3,163.49,10000
2023-07-31,158.76,160.81,158.13,159.25,10000
2023-08-01,160.8,161.43,161.12,161.26,10000
2023-08-02,161.3,161.65,161.37,161.55,10000
2023-08-03,155.58,156.46,154.72,156.09,10000
2023-08-04,156.94,157.55,156.74,157.05,10000
2023-08-07,154.42,155.5,154.36,154.83,10000
2023-08-08,149.52,150.63,148.58,149.6,10000
2023-08-09,148.12,148.99,148.36,148.45,10000
2023-08-10,152.45,153.77,151.47,152.92,10000
2023-08-11,157.13,157.26,157.21,157.25,10000
2023-08-14,160.56,161.36,159.38,160.74,10000
2023-08-15,161.13,163.31,161.2,161.79,10000
2023-08-16,163.85,165.33,163.81,164.06,10000
2023-08-17,164.4,165.7,163.86,164.48,10000
2023-08-18,160.16,160.91,158.86,160.43,10000
2023-08-21,156.45,157.95,156.36,157.19,10000
2023-08-22,154.53,156.38,154.98,155.07,10000
2023-08-23,159.71,161.58,158.66,160.17,10000
2023-08-24,163.52,165.38,163.98,164.21,10000
2023-08-25,159.73,160.99,160.17,160.26,10000
2023-08-28,159.85,160.62,160.43,160.5,10000
2023-08-29,158.56,159.27,157.77,159.08,10000
2023-08-30,157.88,158.57,158.33,158.57,10000
2023-08-31,156.2,157.25,156.41,156.69,10000
2023-09-01,161.64,161.89,160.33,161.86,10000
2023-09-04,161.8,162.54,160.85,161.84,10000
2023-09-05,162.6,163.66,162.23,162.69,10000
2023-09-06,163.16,164.55,162.62,163.58,10000
2023-09-07,159.05,160.72,159.44,159.83,10000
2023-09-08,159.67,160.64,159.48,160.28,10000
2023-09-11,163.63,165.12,163.72,164.27,10000
2023-09-12,169.38,171.61,168.89,169.95,10000
2023-09-13,164.85,166.33,164.34,165.6,10000
2023-09-14,159.41,161.4,159.44,160.0,10000
2023-09-15,160.07,160.89,160.04,160.27,10000
2023-09-18,164.03,165.47,163.86,164.44,10000
2023-09-19,165.52,166.65,164.59,165.85,10000
2023-09-20,168.37,169.66,167.18,168.5,10000
2023-09-21,163.21,164.86,162.11,163.4,10000
2023-09-22,161.09,162.04,159.75,161.32,10000
2023-09-25,153.34,154.63,152.21,153.47,10000
2023-09-26,152.85,154.37,151.54,153.02,10000
2023-09-27,145.01,146.83,144.77,145.68,10000
2023-09-28,149.98,150.27,149.89,150.23,10000
2023-09-29,155.07,155.72,154.77,155.72,10000
2023-10-02,156.22,157.65,155.96,156.27,10000
2023-10-03,150.26,152.11,150.88,151.01,10000
2023-10-04,151.77,153.82,151.9,152.36,10000
2023-10-05,158.3,159.49,158.44,159.02,10000
2023-10-06,160.39,162.08,159.67,160.81,10000
2023-10-09,164.76,166.6,164.68,165.28,10000
2023-10-10,163.21,164.91,163.5,163.51,10000
2023-10-11,159.99,161.44,158.86,160.33,10000
2023-10-12,159.52,160.35,159.18,160.12,10000
2023-10-13,153.23,154.32,152.95,153.27,10000
2023-10-16,161.44,162.44,161.06,161.47,10000
2023-10-17,161.32,162.57,161.83,162.03,10000
2023-10-18,165.24,165.67,163.83,165.33,10000
2023-10-19,163.05,165.09,163.27,163.64,10000
2023-10-20,157.86,158.25,156.53,158.02,10000
2023-10-23,163.01,164.0,162.88,163.31,10000
2023-10-24,158.98,160.21,157.94,159.21,10000
2023-10-25,160.15,162.1,160.52,160.54,10000
2023-10-26,161.56,163.31,161.44,162.23,10000
2023-10-27,161.84,163.05,161.95,162.55,10000
2023-10-30,159.53,159.81,159.18,159.71,10000
2023-10-31,158.95,159.72,157.64,159.22,10000
2023-11-01,155.19,156.3,154.72,155.84,10000
2023-11-02,158.73,160.1,158.4,158.8,10000
2023-11-03,160.85,161.55,159.73,160.94,10000
2023-11-06,160.53,161.07,160.71,160.92,10000
2023-11-07,158.26,160.27,157.42,158.89,10000
2023-11-08,166.5,166.81,166.07,166.78,10000
2023-11-09,161.89,161.95,161.63,161.94,10000
2023-11-10,155.62,157.11,155.95,156.37,10000
2023-11-13,155.4,156.24,155.89,156.13,10000
2023-11-14,154.75,155.53,153.81,155.26,10000
2023-11-15,158.71,160.82,158.77,159.25,10000
2023-11-16,160.92,163.04,161.44,161.67,10000
2023-11-17,161.31,163.07,160.52,161.83,10000
2023-11-20,163.1,164.85,163.4,163.75,10000
2023-11-21,165.23,165.69,165.46,165.62,10000
2023-11-22,173.63,175.28,172.67,173.83,10000
2023-11-23,174.17,175.72,174.88,174.89,10000
2023-11-24,171.66,172.42,170.81,172.25,10000
2023-11-27,172.83,173.6,172.11,173.08,10000
2023-11-28,162.57,163.9,162.67,163.08,10000
2023-11-29,162.34,163.03,162.23,163.01,10000
2023-11-30,166.96,167.61,166.74,167.18,10000
2023-12-01,168.9,170.12,168.65,169.55,10000
2023-12-04,170.71,171.56,169.79,170.77,10000
2023-12-05,172.84,173.38,172.04,173.38,10000
2023-12-06,176.97,178.87,177.03,177.86,10000
2023-12-07,183.02,184.18,182.37,183.81,10000
2023-12-08,184.95,186.87,185.63,185.76,10000
2023-12-11,183.85,184.92,182.78,184.48,10000
2023-12-12,174.63,175.74,174.71,175.03,10000
2023-12-13,178.44,180.16,177.55,179.05,10000
2023-12-14,180.93,182.41,180.33,181.22,10000
2023-12-15,181.41,181.97,181.72,181.92,10000
2023-12-18,178.65,180.09,178.49,179.13,10000
2023-12-19,182.69,184.68,181.5,183.19,10000
2023-12-20,181.79,182.55,180.65,182.17,10000
2023-12-21,181.76,183.05,180.77,182.08,10000
2023-12-22,181.61,182.72,181.22,181.91,10000
2023-12-25,183.64,185.41,182.76,183.85,10000
2023-12-26,178.74,179.92,178.72,179.14,10000
2023-12-27,181.41,183.23,180.34,181.51,10000
2023-12-28,177.8,179.77,178.14,178.6,10000
2023-12-29,175.82,176.87,174.42,175.88,10000
2024-01-01,178.78,180.06,178.27,179.53,10000
2024-01-02,175.34,176.6,174.87,175.55,10000
2024-01-03,178.42,179.42,178.0,179.19,10000
2024-01-04,179.01,180.41,179.07,179.66,10000
2024-01-05,172.27,173.56,172.8,173.07,10000
2024-01-08,177.83,179.81,178.19,178.61,10000
2024-01-09,179.31,181.31,179.45,179.94,10000
2024-01-10,181.48,183.31,181.21,181.62,10000
2024-01-11,185.4,186.32,184.65,185.91,10000
2024-01-12,192.13,194.16,191.03,192.46,10000
2024-01-15,192.55,195.04,192.52,193.4,10000
2024-01-16,195.36,197.91,194.28,196.21,10000
2024-01-17,197.64,199.41,196.18,197.95,10000
2024-01-18,195.8,196.99,196.29,196.46,10000
2024-01-19,189.22,191.2,188.67,189.54,10000
2024-01-22,189.89,191.67,188.8,190.53,10000
2024-01-23,196.09,198.15,196.26,196.7,10000
2024-01-24,198.89,199.81,198.65,199.4,10000
2024-01-25,193.8,194.96,192.81,194.65,10000
2024-01-26,199.42,200.22,198.11,199.66,10000
2024-01-29,197.53,199.33,196.67,198.32,10000
2024-01-30,188.46,189.9,187.45,189.11,10000
2024-01-31,193.36,195.35,193.3,193.63,10000
2024-02-01,189.15,189.57,188.22,189.55,10000
2024-02-02,197.42,197.64,195.9,197.49,10000
2024-02-05,202.19,203.46,202.34,202.8,10000
2024-02-06,200.91,202.15,201.72,201.81,10000
2024-02-07,203.88,204.83,203.64,204.01,10000
2024-02-08,215.56,217.25,214.1,215.7,10000
2024-02-09,220.23,222.95,219.22,220.76,10000
2024-02-12,221.72,222.48,220.05,222.03,10000
2024-02-13,236.94,237.9,236.52,237.27,10000
2024-02-14,237.22,239.81,236.5,237.98,10000
2024-02-15,240.75,241.9,241.18,241.24,10000
2024-02-16,235.21,237.87,234.0,236.21,10000
2024-02-19,226.92,228.73,226.15,227.41,10000
2024-02-20,225.29,227.92,224.29,225.99,10000
2024-02-21,225.81,226.33,225.61,226.26,10000
2024-02-22,227.75,230.27,227.85,228.04,10000
2024-02-23,220.3,222.95,220.68,220.82,10000
2024-02-26,223.45,224.3,222.43,224.25,10000
2024-02-27,219.06,221.21,219.77,220.11,10000
2024-02-28,223.21,224.16,221.42,223.26,10000
2024-02-29,227.55,228.74,227.55,228.16,10000
2024-03-01,225.45,228.39,224.95,226.17,10000
2024-03-04,221.22,221.7,220.73,221.31,10000
2024-03-05,228.39,229.94,229.22,229.34,10000
2024-03-06,233.71,234.05,232.76,234.03,10000
2024-03-07,233.89,236.28,234.06,234.92,10000
2024-03-08,242.35,245.11,241.96,243.02,10000
2024-03-11,243.37,245.07,242.09,243.56,10000
2024-03-12,239.32,241.77,239.45,240.2,10000
2024-03-13,234.65,234.99,233.51,234.84,10000
2024-03-14,233.49,236.01,232.79,234.33,10000
2024-03-15,237.62,239.56,238.37,238.58,10000
2024-03-18,245.65,247.53,245.5,246.36,10000
2024-03-19,246.24,248.01,246.35,246.57,10000
2024-03-20,253.03,256.06,253.57,253.58,10000
2024-03-21,251.76,254.31,252.29,252.42,10000
2024-03-22,247.21,249.73,246.56,248.03,10000
2024-03-25,240.05,241.85,240.61,240.81,10000
2024-03-26,237.64,238.19,236.04,238.11,10000
2024-03-27,230.5,232.62,229.62,231.38,10000
2024-03-28,241.4,243.93,242.31,242.33,10000
2024-03-29,244.0,246.58,243.45,244.86,10000
2024-04-01,244.06,245.88,244.37,244.4,10000
2024-04-02,253.69,255.06,254.01,254.29,10000
2024-04-03,246.38,247.46,244.47,246.91,10000
2024-04-04,245.21,246.44,245.09,246.21,10000
2024-04-05,256.77,259.62,257.74,257.81,10000
2024-04-08,255.93,259.54,254.86,257.05,10000
2024-04-09,271.61,273.35,269.43,271.92,10000
2024-04-10,275.9,278.8,275.42,276.94,10000
2024-04-11,284.18,287.4,283.4,285.42,10000
2024-04-12,294.11,294.83,292.06,294.36,10000
2024-04-15,294.4,295.03,292.3,294.46,10000
2024-04-16,291.13,291.89,289.84,291.28,10000
2024-04-17,289.73,293.32,288.19,290.61,10000
2024-04-18,283.61,284.26,282.71,284.21,10000
2024-04-19,283.6,285.41,283.14,283.87,10000
2024-04-22,283.18,285.01,283.92,283.93,10000
2024-04-23,294.05,297.15,294.15,295.21,10000
2024-04-24,298.05,299.99,299.09,299.33,10000
2024-04-25,314.86,319.08,315.85,316.05,10000
2024-04-26,299.58,301.91,299.5,300.92,10000
2024-04-29,291.86,295.46,289.99,292.75,10000
2024-04-30,289.26,292.18,290.17,290.47,10000
2024-05-01,300.02,301.9,299.83,300.65,10000
2024-05-02,298.71,302.19,297.5,299.99,10000
2024-05-03,288.88,291.79,289.02,290.18,10000
2024-05-06,287.66,289.05,286.46,288.65,10000
2024-05-07,280.34,282.92,279.42,280.94,10000
2024-05-08,271.83,273.8,270.57,272.22,10000
2024-05-09,284.57,286.65,284.58,285.04,10000
2024-05-10,282.66,284.93,281.85,282.84,10000
2024-05-13,283.99,285.91,282.29,284.05,10000
2024-05-14,282.95,284.58,283.46,283.54,10000
2024-05-15,281.94,282.9,281.47,282.0,10000
2024-05-16,275.5,277.42,275.65,276.72,10000
2024-05-17,273.96,276.43,273.0,274.85,10000
2024-05-20,275.9,277.9,275.65,277.06,10000
2024-05-21,285.65,286.63,284.23,286.29,10000
2024-05-22,292.32,294.94,290.52,292.65,10000
2024-05-23,284.28,285.29,284.61,284.69,10000
2024-05-24,290.05,291.77,288.67,291.29,10000
2024-05-27,294.39,297.07,292.14,294.57,10000
2024-05-28,289.47,292.52,289.7,290.48,10000
2024-05-29,291.46,294.02,290.37,291.79,10000
2024-05-30,295.2,296.76,294.81,295.72,10000
2024-05-31,296.13,297.96,293.45,296.13,10000
2024-06-03,298.78,302.29,298.35,299.5,10000
2024-06-04,293.55,294.57,292.58,293.74,10000
2024-06-05,306.21,307.74,304.72,307.53,10000
2024-06-06,294.21,294.85,292.58,294.35,10000
2024-06-07,297.99,301.04,297.95,298.36,10000
2024-06-10,300.94,301.81,299.08,300.97,10000
2024-06-11,304.0,307.02,303.09,305.52,10000
2024-06-12,299.74,302.31,299.69,300.71,10000
2024-06-13,307.96,311.92,307.32,308.95,10000
2024-06-14,307.49,309.21,306.35,308.29,10000
2024-06-17,298.83,301.7,298.6,300.13,10000
2024-06-18,292.59,295.61,289.88,292.8,10000
2024-06-19,292.57,294.32,292.24,293.73,10000
2024-06-20,282.15,284.99,281.47,283.29,10000
2024-06-21,295.24,295.48,292.95,295.29,10000
2024-06-24,302.35,303.35,302.14,302.55,10000
2024-06-25,314.69,315.77,315.42,315.56,10000
2024-06-26,328.18,329.41,325.13,328.33,10000
2024-06-27,325.34,326.47,323.41,325.8,10000
2024-06-28,318.84,322.04,318.23,319.49,10000
2024-07-01,300.37,302.0,300.56,300.61,10000
2024-07-02,296.87,299.13,297.43,297.92,10000
2024-07-03,309.53,312.44,310.26,310.29,10000
2024-07-04,303.6,307.46,303.36,304.57,10000
2024-07-05,302.49,304.12,301.53,303.21,10000
2024-07-08,298.86,299.68,299.0,299.48,10000
2024-07-09,301.41,302.49,300.22,302.16,10000
2024-07-10,309.87,313.94,308.3,311.27,10000
2024-07-11,300.01,303.14,297.62,300.6,10000
2024-07-12,290.63,292.96,289.14,291.57,10000
2024-07-15,300.49,302.19,300.41,301.75,10000
2024-07-16,305.99,308.56,305.26,306.94,10000
2024-07-17,304.88,307.26,303.69,305.22,10000
2024-07-18,317.28,318.53,316.98,317.47,10000
2024-07-19,306.9,308.07,305.18,307.81,10000
2024-07-22,313.39,315.55,312.41,314.54,10000
2024-07-23,312.94,316.31,312.14,314.14,10000
2024-07-24,317.53,321.75,317.93,318.63,10000
2024-07-25,301.8,302.38,301.34,301.8,10000
2024-07-26,298.94,302.85,297.48,300.1,10000
2024-07-29,304.37,306.69,304.75,305.3,10000
2024-07-30,303.44,306.97,304.73,304.95,10000
2024-07-31,312.73,316.64,311.96,313.93,10000
2024-08-01,322.23,324.72,320.65,322.92,10000
2024-08-02,314.95,316.22,315.64,316.02,10000
2024-08-05,321.14,322.99,321.47,322.13,10000
2024-08-06,314.47,317.53,312.52,315.0,10000
2024-08-07,314.65,317.24,312.56,315.49,10000
2024-08-08,320.03,321.42,318.84,320.36,10000
2024-08-09,314.26,316.23,311.91,314.4,10000
2024-08-12,319.04,321.07,319.19,320.21,10000
2024-08-13,316.02,317.39,314.4,316.63,10000
2024-08-14,311.37,315.14,310.81,312.55,10000
2024-08-15,316.97,319.01,315.06,317.74,10000
2024-08-16,310.56,312.68,309.41,311.83,10000
2024-08-19,304.53,306.91,304.79,305.66,10000
2024-08-20,311.93,316.01,312.66,313.12,10000
2024-08-21,313.33,314.57,311.47,314.0,10000
2024-08-22,302.37,304.39,303.73,303.83,10000
2024-08-23,309.3,311.03,307.82,309.93,10000
2024-08-26,305.94,307.34,305.7,307.16,10000
2024-08-27,296.83,297.78,297.33,297.55,10000
2024-08-28,280.73,281.1,279.13,281.06,10000
2024-08-29,286.12,287.44,285.63,287.02,10000
2024-08-30,280.86,283.32,279.1,281.52,10000
2024-09-02,273.35,274.25,273.14,273.71,10000
2024-09-03,277.3,278.88,277.83,277.83,10000
2024-09-04,282.86,285.08,282.72,283.09,10000
2024-09-05,276.75,278.21,277.38,278.13,10000
2024-09-06,283.17,284.67,282.23,284.08,10000
2024-09-09,297.58,300.8,296.76,297.84,10000
2024-09-10,306.07,309.08,306.88,307.25,10000
2024-09-11,314.88,317.91,312.73,315.83,10000
2024-09-12,317.06,319.85,317.86,318.2,10000
2024-09-13,314.17,318.14,313.97,315.09,10000
2024-09-16,314.69,315.24,312.03,314.79,10000
2024-09-17,317.75,318.29,316.0,318.08,10000
2024-09-18,307.97,311.68,308.17,309.16,10000
2024-09-19,302.72,303.88,300.92,303.86,10000
2024-09-20,293.09,295.85,292.72,294.2,10000
2024-09-23,295.85,295.88,295.85,295.88,10000
2024-09-24,295.34,297.56,296.51,296.53,10000
2024-09-25,291.59,294.13,289.48,292.23,10000
2024-09-26,296.83,299.49,297.02,297.86,10000
2024-09-27,290.53,292.55,288.56,290.92,10000
2024-09-30,285.36,286.91,286.33,286.46,10000
2024-10-01,290.28,292.57,291.28,291.71,10000
2024-10-02,297.68,300.18,295.51,298.06,10000
2024-10-03,291.63,292.85,289.87,292.78,10000
2024-10-04,293.54,296.18,294.28,294.43,10000
2024-10-07,288.93,290.82,288.84,289.33,10000
2024-10-08,287.69,289.1,286.03,288.11,10000
2024-10-09,288.1,290.12,287.62,289.15,10000
2024-10-10,292.56,295.31,291.78,292.97,10000
2024-10-11,295.13,296.33,294.63,295.2,10000
2024-10-14,295.85,297.38,294.34,297.14,10000
2024-10-15,289.14,292.79,289.5,290.0,10000
2024-10-16,291.57,293.06,291.9,292.68,10000
2024-10-17,295.59,298.84,295.52,296.48,10000
2024-10-18,300.5,301.32,300.86,301.28,10000
2024-10-21,295.32,297.54,294.87,296.46,10000
2024-10-22,302.78,304.39,301.79,302.83,10000
2024-10-23,293.48,294.02,292.15,293.93,10000
2024-10-24,290.23,293.28,290.07,291.14,10000
2024-10-25,288.04,290.16,289.07,289.41,10000
2024-10-28,280.71,282.78,278.81,281.26,10000
2024-10-29,278.12,281.7,278.06,279.49,10000
2024-10-30,279.93,282.65,280.09,280.99,10000
2024-10-31,268.94,270.82,269.55,269.59,10000
2024-11-01,266.68,268.15,265.65,267.25,10000
2024-11-04,256.69,256.98,254.85,256.86,10000
2024-11-05,268.39,271.68,267.47,269.22,10000
2024-11-06,270.54,272.22,268.48,270.61,10000
2024-11-07,270.9,273.19,271.06,271.48,10000
2024-11-08,272.69,274.21,270.36,273.01,10000
2024-11-11,275.57,277.93,276.31,276.9,10000
2024-11-12,282.73,283.38,282.49,283.25,10000
2024-11-13,272.72,273.85,271.99,273.39,10000
2024-11-14,281.26,282.99,281.77,281.79,10000
2024-11-15,289.82,290.72,288.74,290.02,10000
2024-11-18,289.16,289.8,289.11,289.67,10000
2024-11-19,287.85,290.56,286.81,288.98,10000
2024-11-20,268.44,270.52,267.23,269.27,10000
2024-11-21,261.23,262.91,260.19,261.8,10000
2024-11-22,263.93,267.09,263.89,265.01,10000
2024-11-25,272.47,274.11,271.63,272.47,10000
2024-11-26,275.99,277.14,274.85,277.14,10000
2024-11-27,276.66,278.86,275.34,276.75,10000
2024-11-28,288.04,290.69,287.86,289.3,10000
2024-11-29,294.71,297.64,295.78,296.11,10000
2024-12-02,292.35,296.16,292.91,293.55,10000
2024-12-03,308.64,309.0,307.55,308.67,10000
2024-12-04,300.33,302.93,299.02,301.12,10000
2024-12-05,290.04,292.07,288.79,291.25,10000
2024-12-06,287.76,288.65,285.68,288.55,10000
2024-12-09,283.16,284.92,282.46,283.68,10000
2024-12-10,280.74,282.2,280.13,281.41,10000
2024-12-11,286.56,286.68,284.48,286.68,10000
2024-12-12,285.84,287.96,285.63,286.55,10000
2024-12-13,286.54,287.47,285.03,286.58,10000
2024-12-16,286.13,288.3,285.11,287.06,10000
2024-12-17,271.83,272.39,271.72,272.36,10000
2024-12-18,262.92,264.23,262.43,263.17,10000
2024-12-19,260.92,262.17,260.01,260.94,10000
2024-12-20,254.86,257.24,254.56,256.04,10000
2024-12-23,254.06,256.6,254.08,254.77,10000
2024-12-24,262.31,265.77,262.62,263.16,10000
2024-12-25,261.78,262.87,262.41,262.8,10000
2024-12-26,254.26,256.06,252.99,255.05,10000
2024-12-27,250.03,252.7,248.33,250.55,10000
2024-12-30,259.81,262.26,258.27,260.62,10000
2024-12-31,269.66,272.66,267.78,270.0,10000
2025-01-01,273.02,275.75,273.42,273.79,10000
2025-01-02,264.0,266.18,264.01,264.27,10000
2025-01-03,264.99,266.41,264.88,266.21,10000
2025-01-06,267.96,269.38,267.24,268.64,10000
2025-01-07,268.57,270.45,266.91,268.88,10000
2025-01-08,264.64,266.87,264.89,265.49,10000
2025-01-09,263.26,265.38,260.92,263.38,10000
2025-01-10,259.07,262.21,258.83,259.63,10000
2025-01-13,251.91,253.53,251.54,253.0,10000
2025-01-14,260.11,262.23,258.86,261.11,10000
2025-01-15,265.58,268.83,265.12,266.52,10000
2025-01-16,264.25,267.09,262.87,264.87,10000
2025-01-17,266.5,269.28,265.09,267.09,10000
2025-01-20,269.55,271.24,267.44,269.57,10000
2025-01-21,283.64,287.32,282.19,284.49,10000
2025-01-22,289.48,291.36,289.18,290.32,10000
2025-01-23,296.0,296.35,294.93,296.0,10000
2025-01-24,296.15,296.75,293.97,296.35,10000
2025-01-27,293.5,294.8,291.82,293.52,10000
2025-01-28,302.66,305.48,301.2,303.04,10000
2025-01-29,307.68,309.08,306.42,307.69,10000
2025-01-30,301.37,303.85,301.4,302.0,10000
2025-01-31,304.52,306.34,303.86,305.25,10000
2025-02-03,310.57,313.47,308.23,311.25,10000
2025-02-04,296.48,297.23,295.92,296.78,10000
2025-02-05,289.92,292.19,289.89,290.68,10000
2025-02-06,292.0,293.73,292.81,293.19,10000
2025-02-07,280.25,281.97,279.31,280.66,10000
2025-02-10,269.21,270.8,268.86,269.64,10000
2025-02-11,267.33,269.68,266.22,268.06,10000
2025-02-12,270.86,272.55,270.81,271.17,10000
2025-02-13,274.15,277.29,273.93,274.61,10000
2025-02-14,284.18,287.38,284.64,284.82,10000
2025-02-17,284.89,286.29,285.33,285.45,10000
2025-02-18,281.95,283.46,280.81,283.11,10000
2025-02-19,273.7,275.04,272.37,274.86,10000
2025-02-20,271.99,273.08,270.46,272.54,10000
2025-02-21,276.45,277.69,274.68,277.07,10000
2025-02-24,280.62,284.48,281.73,281.97,10000
2025-02-25,283.06,286.4,281.22,283.77,10000
2025-02-26,286.01,288.1,286.09,287.43,10000
2025-02-27,294.91,298.28,293.76,296.04,10000
2025-02-28,296.25,299.12,294.82,296.64,10000
2025-03-03,305.81,307.31,305.09,306.16,10000
2025-03-04,300.97,303.83,300.41,301.21,10000
2025-03-05,299.59,303.77,300.44,300.8,10000
2025-03-06,297.15,300.48,296.38,297.6,10000
2025-03-07,302.12,305.39,301.64,303.14,10000
2025-03-10,295.48,297.39,293.37,296.28,10000
2025-03-11,292.99,294.87,294.1,294.21,10000
2025-03-12,280.99,284.85,280.38,282.05,10000
2025-03-13,285.9,286.79,284.49,286.0,10000
2025-03-14,293.86,295.65,294.29,294.36,10000
2025-03-17,299.86,301.44,299.65,300.65,10000
2025-03-18,305.15,307.9,305.08,306.38,10000
2025-03-19,311.3,312.76,310.87,312.42,10000
2025-03-20,316.68,320.12,316.81,317.55,10000
2025-03-21,320.84,323.77,322.04,322.15,10000
2025-03-24,326.58,328.66,326.33,327.29,10000
2025-03-25,322.43,323.69,319.82,322.52,10000
2025-03-26,319.75,323.01,318.55,321.15,10000
2025-03-27,320.92,324.28,321.18,321.77,10000
2025-03-28,318.11,322.29,317.34,319.41,10000
2025-03-31,307.66,310.86,305.42,308.27,10000
2025-04-01,298.9,301.11,299.26,299.78,10000
2025-04-02,300.95,303.97,301.07,301.45,10000
2025-04-03,307.23,309.49,307.79,307.86,10000
2025-04-04,307.79,309.99,307.49,308.02,10000
2025-04-07,327.01,330.44,325.55,328.22,10000
2025-04-08,321.04,322.78,318.88,321.49,10000
2025-04-09,324.39,326.46,323.13,324.88,10000
2025-04-10,334.13,337.04,333.61,334.72,10000
2025-04-11,342.35,344.14,340.32,343.09,10000
2025-04-14,347.37,350.98,347.69,348.37,10000
2025-04-15,355.9,358.38,356.62,357.11,10000
2025-04-16,356.47,359.77,357.36,357.68,10000
2025-04-17,370.87,374.77,368.49,371.66,10000
2025-04-18,381.92,382.93,380.11,382.84,10000
2025-04-21,375.31,376.48,373.23,375.57,10000
2025-04-22,377.48,380.59,375.71,378.46,10000
2025-04-23,363.82,365.81,364.9,365.42,10000
2025-04-24,377.61,379.26,377.02,378.48,10000
2025-04-25,378.76,383.4,377.45,380.55,10000
2025-04-28,392.28,392.69,388.99,392.59,10000
2025-04-29,390.29,394.12,389.72,391.73,10000
2025-04-30,374.24,375.7,375.11,375.57,10000
2025-05-01,397.68,399.5,395.13,399.04,10000
2025-05-02,399.04,401.93,398.78,400.36,10000
2025-05-05,391.39,395.21,390.19,391.43,10000
2025-05-06,400.46,404.14,401.47,401.95,10000
2025-05-07,420.18,422.55,421.18,421.23,10000
2025-05-08,418.32,421.15,416.89,419.42,10000
2025-05-09,418.5,420.98,416.04,418.6,10000
2025-05-12,420.62,423.63,420.03,421.02,10000
2025-05-13,408.72,411.69,409.92,410.59,10000
2025-05-14,403.64,405.08,402.15,404.28,10000
2025-05-15,420.4,423.31,419.39,421.23,10000
2025-05-16,419.69,422.8,418.81,420.09,10000
2025-05-19,410.94,415.61,411.35,412.25,10000
2025-05-20,406.63,410.56,404.63,408.14,10000
2025-05-21,416.48,421.3,414.29,418.4,10000
2025-05-22,398.92,401.98,398.63,400.05,10000
2025-05-23,401.96,404.79,399.7,402.51,10000
2025-05-26,425.8,428.66,422.27,425.95,10000
2025-05-27,445.75,447.4,446.22,446.34,10000
2025-05-28,450.97,456.6,448.26,452.37,10000
2025-05-29,464.07,467.95,464.01,466.34,10000
2025-05-30,480.44,483.54,477.96,480.63,10000
2025-06-02,478.47,482.09,476.82,479.4,10000
2025-06-03,488.17,493.98,488.61,489.8,10000
2025-06-04,508.94,510.99,506.42,510.41,10000
2025-06-05,494.41,500.41,492.39,496.03,10000
2025-06-06,501.6,503.46,502.29,502.77,10000
2025-06-09,506.42,507.83,504.25,507.1,10000
2025-06-10,507.23,512.84,503.59,508.46,10000
2025-06-11,507.82,510.1,504.36,508.79,10000
2025-06-12,509.84,514.78,508.45,511.65,10000
2025-06-13,515.07,517.91,514.49,515.52,10000
2025-06-16,527.73,533.98,527.2,529.04,10000
2025-06-17,532.44,539.19,534.2,535.0,10000
2025-06-18,531.58,534.78,528.62,533.0,10000
2025-06-19,522.4,527.28,518.95,523.02,10000
2025-06-20,515.15,518.74,512.86,517.57,10000
2025-06-23,520.2,524.04,520.5,520.83,10000
2025-06-24,510.73,516.5,507.71,512.65,10000
2025-06-25,523.74,527.71,518.96,524.02,10000
2025-06-26,527.11,532.84,525.8,529.37,10000
2025-06-27,543.07,548.07,538.77,543.56,10000
2025-06-30,534.79,538.83,533.5,535.85,10000
2025-07-01,523.39,530.81,524.28,525.93,10000
2025-07-02,538.37,540.72,539.1,539.94,10000
2025-07-03,541.0,543.64,541.54,541.71,10000
2025-07-04,539.38,543.61,539.16,539.38,10000
2025-07-07,548.22,549.93,544.45,548.24,10000
2025-07-08,556.0,559.23,554.89,556.77,10000
2025-07-09,539.75,545.36,540.89,541.18,10000
2025-07-10,557.41,561.77,558.14,558.76,10000
2025-07-11,551.17,554.76,550.03,553.72,10000
2025-07-14,573.64,576.85,570.44,575.84,10000
2025-07-15,556.14,560.41,556.45,558.73,10000
2025-07-16,561.53,564.68,558.6,562.97,10000
2025-07-17,559.51,561.53,555.31,560.77,10000
2025-07-18,534.66,540.65,532.38,536.17,10000
2025-07-21,543.46,546.01,540.54,544.47,10000
2025-07-22,520.66,525.39,518.0,521.21,10000
2025-07-23,515.74,522.95,512.84,517.91,10000
2025-07-24,529.51,533.08,529.72,531.32,10000
2025-07-25,524.23,530.17,520.97,525.08,10000
2025-07-28,513.36,515.49,512.37,514.5,10000
2025-07-29,523.58,527.56,523.36,524.17,10000
2025-07-30,519.88,526.52,517.5,521.35,10000
2025-07-31,515.78,520.89,512.42,516.71,10000
2025-08-01,529.83,533.38,527.56,532.16,10000
2025-08-04,516.94,519.64,513.53,518.31,10000
2025-08-05,512.0,514.4,509.23,513.05,10000
2025-08-06,521.52,528.42,520.72,523.48,10000
2025-08-07,506.8,510.35,504.32,509.1,10000
2025-08-08,528.19,533.06,529.25,530.36,10000
2025-08-11,526.6,529.75,527.49,527.9,10000
2025-08-12,537.77,540.68,536.41,538.73,10000
2025-08-13,547.94,552.0,546.56,549.76,10000
2025-08-14,545.78,549.91,544.29,548.02,10000
2025-08-15,539.57,545.47,537.8,542.22,10000
2025-08-18,540.62,544.17,541.71,541.86,10000
2025-08-19,549.09,553.36,546.52,550.93,10000
2025-08-20,538.03,541.54,535.58,538.82,10000
2025-08-21,524.13,526.23,519.36,524.36,10000
2025-08-22,541.94,546.73,540.74,542.63,10000
2025-08-25,533.72,536.44,530.46,533.76,10000
2025-08-26,536.89,541.01,534.14,538.27,10000
2025-08-27,534.95,537.08,533.18,535.95,10000
2025-08-28,532.38,534.35,533.36,534.19,10000
2025-08-29,550.42,556.59,551.85,552.12,10000
2025-09-01,550.76,555.93,550.61,551.22,10000
2025-09-02,545.07,548.23,544.21,546.91,10000
2025-09-03,543.21,545.68,540.24,543.72,10000
2025-09-04,537.65,539.59,534.6,537.67,10000
2025-09-05,527.09,533.28,525.88,529.66,10000
2025-09-08,523.74,524.79,523.61,523.81,10000
2025-09-09,543.35,549.61,543.54,544.28,10000
2025-09-10,551.62,553.73,549.17,553.38,10000
2025-09-11,548.19,554.55,544.92,549.21,10000
2025-09-12,560.78,562.23,557.9,561.85,10000
2025-09-15,540.04,543.72,537.96,542.0,10000
2025-09-16,557.8,560.89,554.1,559.49,10000
2025-09-17,574.99,577.98,571.04,576.49,10000
2025-09-18,604.23,612.96,603.01,606.92,10000
2025-09-19,620.98,624.16,619.33,621.31,10000
2025-09-22,626.28,628.5,627.67,627.75,10000
2025-09-23,645.99,653.12,642.68,646.76,10000
2025-09-24,637.66,639.32,635.03,637.78,10000
2025-09-25,629.14,632.69,631.31,632.24,10000
2025-09-26,629.19,631.66,630.15,631.51,10000
2025-09-29,651.08,654.81,645.68,651.79,10000
2025-09-30,638.07,645.23,638.94,639.36,10000
2025-10-01,624.94,625.75,620.72,625.65,10000
2025-10-02,627.08,633.8,623.56,629.24,10000
2025-10-03,638.72,641.51,635.44,639.84,10000
2025-10-06,626.94,631.22,629.45,629.84,10000
2025-10-07,639.11,644.27,634.36,639.77,10000
2025-10-08,659.15,665.25,656.0,660.31,10000
2025-10-09,675.73,682.69,677.02,678.9,10000
2025-10-10,681.59,686.0,680.31,684.62,10000
2025-10-13,682.41,683.46,682.48,683.42,10000
2025-10-14,709.59,716.55,706.27,711.3,10000
2025-10-15,708.63,716.05,705.35,711.78,10000
2025-10-16,725.04,730.55,723.68,727.48,10000
2025-10-17,758.6,762.65,753.78,761.03,10000
2025-10-20,773.38,781.86,772.54,775.94,10000
2025-10-21,755.2,759.23,752.19,758.69,10000
2025-10-22,735.83,742.48,732.03,737.73,10000
2025-10-23,732.29,738.01,732.31,732.96,10000
2025-10-24,743.42,746.85,738.38,745.18,10000
2025-10-27,750.29,756.68,746.18,753.04,10000
2025-10-28,790.31,796.38,789.47,792.26,10000
2025-10-29,799.18,805.16,794.08,800.43,10000
2025-10-30,792.06,801.87,792.92,794.71,10000
2025-10-31,772.88,778.86,774.39,774.63,10000
2025-11-03,792.23,796.6,794.41,796.07,10000
2025-11-04,794.8,798.95,792.35,796.21,10000
2025-11-05,766.74,774.33,769.05,769.5,10000
2025-11-06,767.99,772.7,768.9,770.13,10000
2025-11-07,752.74,758.82,745.88,753.03,10000
2025-11-10,744.22,747.39,742.29,745.97,10000
2025-11-11,746.21,747.38,740.17,746.31,10000
2025-11-12,728.37,732.95,729.75,731.26,10000
2025-11-13,720.72,729.72,722.74,723.38,10000
2025-11-14,711.22,716.24,705.85,711.4,10000
2025-11-17,698.3,703.69,697.6,700.05,10000
2025-11-18,681.02,686.37,681.17,684.31,10000
2025-11-19,676.05,683.23,670.3,677.01,10000
2025-11-20,660.51,669.41,661.41,663.51,10000
2025-11-21,672.18,675.37,669.5,672.68,10000
2025-11-24,675.97,681.08,671.7,675.99,10000
2025-11-25,693.09,701.28,694.31,694.93,10000
2025-11-26,724.92,728.06,720.59,725.79,10000
2025-11-27,734.11,739.77,734.02,737.35,10000
2025-11-28,742.69,749.27,743.9,745.2,10000
2025-12-01,755.56,761.26,754.9,758.16,10000
2025-12-02,763.95,772.37,763.0,766.53,10000
2025-12-03,765.05,771.78,762.74,767.65,10000
2025-12-04,764.51,769.01,760.19,767.38,10000
2025-12-05,747.39,752.57,744.16,749.9,10000
2025-12-08,761.47,769.8,761.74,764.66,10000
2025-12-09,762.22,764.76,756.94,764.36,10000
2025-12-10,788.97,793.06,784.11,790.36,10000
2025-12-11,805.44,807.45,807.1,807.32,10000
2025-12-12,794.35,802.64,795.18,796.1,10000
2025-12-15,818.02,820.34,817.59,819.38,10000
2025-12-16,771.42,773.62,772.38,773.03,10000
2025-12-17,806.6,814.52,804.24,808.16,10000
2025-12-18,783.61,784.75,781.38,784.05,10000
2025-12-19,789.93,798.65,785.51,793.23,10000
2025-12-22,798.24,804.31,797.48,801.27,10000
2025-12-23,820.99,829.14,820.63,822.38,10000
2025-12-24,812.62,817.97,808.55,816.48,10000
2025-12-25,773.95,778.29,773.64,777.64,10000
2025-12-26,768.77,773.85,771.52,772.08,10000
2025-12-29,768.35,775.63,767.84,768.46,10000
2025-12-30,732.16,739.6,728.57,733.52,10000
2025-12-31,732.83,736.61,730.88,734.51,10000
2026-01-01,714.32,718.37,712.42,716.89,10000
2026-01-02,725.53,728.98,721.65,727.84,10000
2026-01-05,721.53,725.58,719.05,723.98,10000
2026-01-06,754.52,758.97,750.89,757.42,10000
2026-01-07,749.66,759.92,747.64,753.23,10000
2026-01-08,758.82,761.07,755.79,760.92,10000
2026-01-09,754.04,764.13,756.44,757.46,10000
2026-01-12,727.12,730.4,726.57,730.1,10000
2026-01-13,725.69,732.92,723.77,726.91,10000
2026-01-14,736.77,742.93,735.78,739.78,10000
2026-01-15,749.82,750.84,747.33,750.27,10000
2026-01-16,744.89,751.44,740.86,745.49,10000
2026-01-19,717.71,723.14,718.46,721.29,10000
2026-01-20,730.66,738.66,728.15,732.23,10000
2026-01-21,737.81,745.08,736.6,739.52,10000
2026-01-22,750.57,761.56,747.35,754.15,10000
2026-01-23,748.32,755.91,746.88,749.68,10000
2026-01-26,720.73,723.32,716.31,721.58,10000
2026-01-27,730.39,733.66,726.19,730.67,10000
2026-01-28,728.84,735.84,727.93,730.75,10000
2026-01-29,753.86,757.0,748.52,754.61,10000
2026-01-30,755.1,759.47,748.34,755.34,10000
2026-02-02,751.73,756.59,749.06,754.8,10000
2026-02-03,761.02,767.32,755.04,762.27,10000
2026-02-04,750.0,754.75,748.89,752.17,10000
2026-02-05,741.01,741.8,734.62,741.39,10000
2026-02-06,738.1,747.13,733.49,739.97,10000
2026-02-09,722.5,730.91,719.26,724.79,10000
2026-02-10,719.61,723.42,715.21,721.23,10000
2026-02-11,752.9,755.15,748.66,754.17,10000
2026-02-12,771.4,778.29,768.65,772.61,10000
2026-02-13,777.88,780.03,774.01,778.31,10000
2026-02-16,806.2,811.56,803.3,806.67,10000
2026-02-17,789.89,798.02,786.59,791.85,10000
2026-02-18,837.93,840.79,835.79,838.51,10000
2026-02-19,829.06,832.35,823.85,829.99,10000
2026-02-20,868.45,869.71,864.78,869.17,10000
2026-02-23,906.46,913.02,906.9,910.11,10000
2026-02-24,872.66,879.85,873.34,874.63,10000
2026-02-25,902.25,906.15,902.43,904.75,10000
2026-02-26,896.55,907.74,893.42,899.17,10000
2026-02-27,886.09,894.27,884.57,887.85,10000
2026-03-02,897.51,900.68,898.55,898.85,10000
2026-03-03,876.97,883.31,875.75,878.65,10000
2026-03-04,886.69,892.55,885.81,889.07,10000
2026-03-05,868.86,873.75,868.38,870.42,10000
2026-03-06,873.63,879.13,871.73,874.23,10000
2026-03-09,897.5,902.59,895.26,901.62,10000
2026-03-10,906.57,911.86,903.11,909.9,10000
2026-03-11,902.44,904.09,894.08,902.73,10000
2026-03-12,910.13,915.86,913.19,914.27,10000
2026-03-13,884.86,891.41,882.85,885.61,10000
2026-03-16,868.64,877.72,868.39,869.06,10000
2026-03-17,860.08,866.43,855.54,860.82,10000
2026-03-18,872.64,885.36,876.58,876.73,10000
2026-03-19,884.2,890.28,883.36,885.18,10000
2026-03-20,892.83,898.9,891.09,896.36,10000
2026-03-23,893.2,903.89,892.86,896.08,10000
2026-03-24,878.07,880.94,875.56,880.35,10000
2026-03-25,909.44,912.04,905.27,911.11,10000
2026-03-26,896.55,905.47,889.44,896.97,10000
2026-03-27,902.67,911.78,902.33,905.89,10000
2026-03-30,902.07,912.25,901.33,903.85,10000
2026-03-31,913.4,917.07,910.91,915.85,10000
2026-04-01,903.31,910.48,902.91,903.54,10000
2026-04-02,922.25,928.02,925.45,925.84,10000
2026-04-03,952.47,959.07,951.46,955.78,10000
2026-04-06,975.41,986.79,975.87,978.0,10000
2026-04-07,979.4,985.88,981.77,981.84,10000
2026-04-08,970.79,978.95,965.82,972.43,10000
2026-04-09,1035.79,1046.77,1029.1,1037.57,10000
2026-04-10,1014.28,1023.46,1013.12,1014.63,10000
2026-04-13,1032.04,1035.69,1029.76,1035.6,10000
2026-04-14,1043.6,1045.49,1033.57,1043.84,10000
2026-04-15,1042.67,1052.25,1039.87,1042.67,10000
2026-04-16,1047.26,1053.32,1039.77,1047.43,10000
2026-04-17,1034.55,1040.58,1033.93,1035.6,10000
2026-04-20,1043.11,1046.78,1036.34,1046.09,10000
2026-04-21,1050.44,1054.3,1054.03,1054.03,10000
2026-04-22,1118.57,1131.61,1117.62,1120.93,10000
2026-04-23,1146.72,1154.52,1137.85,1149.07,10000
2026-04-24,1159.72,1172.22,1155.27,1163.07,10000
2026-04-27,1175.33,1181.44,1176.35,1178.85,10000
2026-04-28,1224.67,1232.79,1220.14,1229.87,10000
2026-04-29,1198.33,1210.0,1192.46,1203.26,10000
2026-04-30,1193.69,1209.12,1192.78,1198.62,10000
2026-05-01,1143.0,1151.15,1146.05,1147.84,10000
2026-05-04,1157.85,1166.79,1159.96,1162.97,10000
2026-05-05,1182.82,1192.64,1174.92,1186.11,10000
2026-05-06,1156.33,1160.24,1157.91,1159.78,10000
2026-05-07,1194.48,1203.38,1195.1,1198.84,10000
2026-05-08,1178.5,1186.23,1177.95,1179.67,10000
2026-05-11,1168.73,1170.89,1169.6,1170.84,10000
2026-05-12,1169.05,1181.9,1168.28,1174.41,10000
2026-05-13,1215.2,1219.01,1213.56,1218.39,10000
2026-05-14,1194.78,1203.7,1194.54,1195.09,10000
2026-05-15,1201.01,1213.1,1201.71,1203.45,10000
2026-05-18,1224.36,1235.63,1224.89,1225.35,10000
2026-05-19,1239.56,1250.13,1241.46,1241.77,10000
2026-05-20,1256.04,1266.55,1257.22,1259.47,10000
2026-05-21,1278.76,1285.94,1272.46,1282.0,10000
2026-05-22,1263.13,1271.61,1266.05,1266.24,10000
2026-05-25,1316.35,1317.61,1312.46,1316.47,10000
2026-05-26,1310.62,1322.83,1306.12,1313.54,10000
2026-05-27,1306.46,1306.97,1296.93,1306.65,10000
2026-05-28,1345.23,1353.53,1338.82,1347.96,10000
2026-05-29,1324.78,1335.81,1315.94,1329.08,10000
2026-06-01,1338.43,1347.98,1335.58,1339.27,10000
2026-06-02,1311.69,1322.25,1317.73,1317.73,10000
2026-06-03,1391.9,1402.48,1395.77,1396.3,10000
2026-06-04,1470.84,1481.09,1471.01,1472.44,10000
2026-06-05,1466.3,1482.76,1454.87,1469.2,10000
2026-06-08,1486.51,1497.23,1478.75,1487.23,10000
